provider,model,eor_monthly_price_usd,eor_price_text,price_basis,price_confidence,price_source_url,founded_year,besteor_profile_slug
Native Teams,Hybrid EOR,99,$99 /mo,"Published EOR list price, per employee/mo",confirmed,https://nativeteams.com/employer-of-record,2020,native-teams
RecruitGo (Emerhub Group),Hybrid EOR,99,$99 /mo,"Published EOR starting price, per employee/mo: the higher of USD 99 or 15% of total monthly payroll in Southeast Asia, South Asia and the Middle East (read 2026-10-02)",confirmed,https://recruitgo.com/employer-of-record/,,recruitgo-emerhub-group
Wisemonk,Owned-entity EOR,99,$99 /mo,"Published EOR list price, per employee/mo",confirmed,https://www.wisemonk.io/eor,,wisemonk
Asanify,Hybrid EOR,199,$199 /mo,"Published EOR list price, per employee/mo",confirmed,https://asanify.com/global-employer-of-record/,,asanify
Boundless,Owned-entity EOR,199,$199 /mo,"Published EOR starting price, per employee/mo (also GBP 149 or EUR 175; varies by country)",confirmed,https://boundlesshq.com/pricing/,,boundless
Gloroots,Hybrid EOR,199,$199 /mo,"Published EOR list price, per employee/mo",confirmed,https://www.gloroots.com/pricing,,gloroots
RemoFirst,Aggregator EOR,199,$199 /mo,"Published EOR list price, per employee/mo",confirmed,https://www.remofirst.com/price,2021,remofirst
RemotePeople (formerly Horizons),Hybrid EOR,199,$199 /mo,"Published EOR list price, per employee/mo",confirmed,https://remotepeople.com/pricing/,2020,remotepeople-formerly-horizons
Skuad (Payoneer),Hybrid EOR,199,$199 /mo,"Published EOR list price, per employee/mo",confirmed,https://www.skuad.io/pricing,2019,skuad-payoneer
Omni HR,Owned-entity EOR,249,$249 /mo,"Published EOR list price, per employee/mo",confirmed,https://www.omnihr.co/blog/employer-of-record-asia-pacific,,omni-hr
Slasify,Hybrid EOR,250,$250 /mo,"Published EOR list price, per employee/mo",confirmed,https://slasify.com/en/pricing,2020,slasify
Glints TalentHub,Hybrid EOR,299,$299 /mo,"Published EOR list price, per employee/mo",confirmed,https://talenthub.glints.com/en-sg/blog/eor-cost,2013,glints-talenthub
INS Global,Hybrid EOR,299,$299 /mo,"Published EOR starting price, per employee/mo (pricing page, read 2026-10-02)",confirmed,https://ins-globalconsulting.com/pricing/,2006,ins-global
Workpay,Hybrid EOR,299,From $299 /mo,"Published starting EOR fee, USD per employee/month; confirm country-specific terms",confirmed,https://www.myworkpay.com/pricing,2019,workpay
Links International,Owned-entity EOR,300,$300 /mo,"Published EOR list price, per employee/mo",confirmed,https://linksinternational.com/en-ae/hr-outsourcing/secondment-peo/,1999,links-international
Rivermate,Hybrid EOR,319,$319 /mo,"Published EOR list price ($319-$639 range), per employee/mo",confirmed,https://www.rivermate.com/pricing,2010,rivermate
Employ Latam,Hybrid EOR,349,$349 /mo,"Published EOR list price, per employee/mo",confirmed,https://employlatam.com,,employ-latam
RemotePass,Hybrid EOR,349,$349 /mo,"Published EOR list price, per employee/mo",confirmed,https://www.remotepass.com/pricing,2020,remotepass
Playroll,Hybrid EOR,399,$399 /mo,"Published EOR list price, per employee/mo",confirmed,https://www.playroll.com/pricing/employer-of-record,2020,playroll
Velocity Global (Pebl),Hybrid EOR,399,$399 /mo,"Published EOR price, per employee/mo",confirmed,https://hellopebl.com/eor-pricing/,2014,velocity-global-pebl
Foothold America,Owned-entity EOR,400,$400 /mo,"Published EOR list price, per employee/mo",confirmed,https://www.footholdamerica.com/services-employer-of-record/,2015,foothold-america
Multiplier,Hybrid EOR,459,$459 /mo,"Published EOR Core-tier price, per employee/mo billed annually (Growth tier $519/mo; Enterprise custom)",confirmed,https://www.usemultiplier.com/pricing,2020,multiplier
AYP Group,Owned-entity EOR,488,$488 /mo,"Published EOR starting price, per employee/mo",confirmed,https://ayp-group.com/pricing,,ayp-group
Papaya Global,Aggregator EOR,499,$499 /mo,"Published EOR starting price, per employee/mo",confirmed,https://www.papayaglobal.com/pricing/,2016,papaya-global
Plane,Owned-entity EOR,499,$499 /mo,"Published EOR list price, per employee/mo",confirmed,https://plane.com/eor,2018,plane
WorkMotion,Hybrid EOR,549,$549 /mo,"Published EOR starting price, per employee/mo (also shown as EUR 499, GBP 399 or CHF 459)",confirmed,https://workmotion.com/pricing/,,workmotion
Lano,Aggregator EOR,569,From €499 /mo,"Published EOR starting price, EUR 499 per employee/mo (about $569 at the ECB EUR/USD reference rate of 1.1403 on 2026-09-25)",confirmed,https://www.lano.io/pricing,2018,lano
Borderless AI,Owned-entity EOR,579,$579 /mo,"Published EOR list price, per employee/mo",confirmed,https://www.hireborderless.com/pricing,2023,borderless-ai
Deel,Hybrid EOR,599,$599 /mo,"Published EOR list price, per employee/mo",confirmed,https://www.deel.com/pricing/,2019,deel
G-P (Globalization Partners),Hybrid EOR,599,$599 /mo,"Published EOR list price, per employee/mo",confirmed,https://www.globalization-partners.com/employer-of-record-solutions/,2012,g-p-globalization-partners
Justworks,Owned-entity EOR,599,$599 /mo,"Published EOR fee, per active international employee/mo ('generally $599/month', per its EOR billing FAQ)",confirmed,https://help.justworks.com/hc/en-us/articles/38202360055451-Employer-of-Record-EOR-Billing-FAQs,2012,justworks
Teamed,Hybrid EOR,599,$599 /mo,"Published EOR list price, per employee/mo",confirmed,https://www.teamed.global/lp/employer-of-record-eor,,teamed
Via,Owned-entity EOR,599,$599 /mo,"Published EOR price, per employee/mo (custom pricing for enterprises and teams of 20+)",confirmed,https://via.work/pricing/,,via
Oyster HR,Aggregator EOR,699,$699 /mo,"Published EOR list price, per employee/mo",confirmed,https://www.oysterhr.com/pricing,2020,oyster-hr
Remote,Owned-entity EOR,699,$699 /mo,"Published EOR list price, per employee/mo",confirmed,https://remote.com/pricing,2019,remote
Parakar,Owned-entity EOR,740,From €649 /mo,"Published EOR starting price, EUR 649 per employee/mo (about $740 at the ECB EUR/USD reference rate of 1.1403 on 2026-09-25)",confirmed,https://parakar.eu/about-parakar/pricing,,parakar
Acumen International,Aggregator EOR,,Custom quote,"Quote-based; contact sales, per employee/mo",confirmed,https://expressglobalemployment.com/global-employer-of-record/,2000,acumen-international
Africa HR Solutions,Owned-entity EOR,,Custom quote,"Quote-based; contact sales, per employee/mo",confirmed,https://africa-hr.com/africa-employer-of-record-eor-services/,,africa-hr-solutions
Airswift,Hybrid EOR,,Custom quote,"Quote-based; contact sales, per employee/mo",confirmed,https://www.airswift.com/services/global-employment-mobility,1979,airswift
BIPO,Hybrid EOR,,Custom quote,"Quote-based; contact sales, per employee/mo",confirmed,https://www.biposervice.com/employer-of-record/,2010,bipo
Bradford Jacobs,Aggregator EOR,,Custom quote,"Quote-based; contact sales, per employee/mo",confirmed,https://bradfordjacobs.com/global-expansion/eor/,,bradford-jacobs
Centuro Global,Aggregator EOR,,Custom quote,"Quote-based; contact sales, per employee/mo",reported,https://www.centuroglobal.com/solutions/global-hr-and-employment/,2019,centuro-global
CXC Global,Hybrid EOR,,Custom quote,"Quote-based; contact sales, per employee/mo",confirmed,https://www.cxcglobal.com/en-us/solutions/global-eor,1992,cxc-global
e-square Global Partners,Owned-entity EOR,,Custom quote,"Quote-based; contact sales, per employee/mo",confirmed,https://esquareglobalpartners.com/,2006,e-square-global-partners
Employ Africa,Hybrid EOR,,Custom quote,"Quote-based; contact sales, per employee/mo",confirmed,https://www.employ-africa.com/,,employ-africa
Global Expansion,Hybrid EOR,,Custom quote,"Quote-based; contact sales, per employee/mo",confirmed,https://www.globalexpansion.com/employer-of-record,2020,global-expansion
GoGlobal,Hybrid EOR,,Custom quote,Quote-based; its EOR page shows no fee and asks visitors to enquire,confirmed,https://goglobal.com/hr-solutions/employer-of-record/,2018,goglobal
IRIS Global (IRIS FMP),Aggregator EOR,,Custom quote,"Quote-based; contact sales, per employee/mo",confirmed,https://www.irisglobal.com/products/global-hr-payroll/employer-of-record-eor/,,iris-global-iris-fmp
Mauve Group,Hybrid EOR,,Custom quote,Quote-based; its EOR page shows no fee and asks visitors to speak to an expert,confirmed,https://mauvegroup.com/services/employer-of-record,1996,mauve-group
Mercans,Hybrid EOR,,Custom quote,"Quote-based; contact sales, per employee/mo",confirmed,https://mercans.com/employer-of-record/,2000,mercans
Neeyamo,Hybrid EOR,,Custom quote,"Quote-based; contact sales, per employee/mo",confirmed,https://www.neeyamo.com/solution/global-work,2009,neeyamo
NNRoad,Hybrid EOR,,Custom quote,"Quote-based; contact sales, per employee/mo",confirmed,https://nnroad.com/services/employer-of-record/,,nnroad
Ontop,Hybrid EOR,,Custom quote,No EOR price published; its pricing page lists contractor plans only,confirmed,https://www.getontop.com/pricing,2020,ontop
People2.0,Hybrid EOR,,Custom quote,"Quote-based; contact sales, per employee/mo",confirmed,https://www.people20.com/global-coverage/,2001,people2-0
Rippling,Hybrid EOR,,Custom quote,"Quote-based; contact sales, per employee/mo",reported,https://www.rippling.com/pricing,2016,rippling
Safeguard Global,Hybrid EOR,,Custom quote,"Quote-based; contact sales, per employee/mo",confirmed,https://www.safeguardglobal.com/solutions/employer-of-record-services/,2008,safeguard-global
Talent Grid Africa,Aggregator EOR,,Custom quote,"Quote-based; contact sales, per employee/mo",confirmed,https://talentgridafrica.com/employer-of-record-africa/,,talent-grid-africa
TMF Group,Aggregator EOR,,Custom quote,"Quote-based; contact sales, per employee/mo",reported,https://www.tmf-group.com/en/news-insights/press-releases/tmf-group-gp-partner-provide-integrated-services/,1988,tmf-group
TopSource Worldwide,Hybrid EOR,,Custom quote,"Quote-based; contact sales, per employee/mo",confirmed,https://topsourceworldwide.com/employer-of-record/,,topsource-worldwide
TriNet,Hybrid EOR,,Custom quote,"Quote-based; contact sales, per employee/mo",confirmed,https://www.trinet.com/peo/capabilities#global-hr,1988,trinet
Vistra,Hybrid EOR,,Custom quote,"Quote-based; contact sales, per employee/mo",confirmed,https://www.vistra.com/employer-of-record,1986,vistra
WeHireGlobally,Aggregator EOR,,Custom quote,"Quote-based; contact sales, per employee/mo",confirmed,https://wehireglobally.com/global-employer-of-record/,,wehireglobally
